{"favourites_count":{"min":0,"first_quartile":1,"second_quartile":10,"third_quartile":110,"max":42356,"median":10.0,"mode":0,"mean":441.76,"standard_deviation":2367.943768650537,"sum":242968,"sample_variance":5607157.691490908,"elbow":2989,"n":550},"listed_count":{"min":0,"first_quartile":15,"second_quartile":55,"third_quartile":180,"max":25431,"median":55.5,"mode":2,"mean":438.08363636363634,"standard_deviation":1905.6293296693004,"sum":240946,"sample_variance":3631423.1420958675,"elbow":1154,"n":550},"statuses_count":{"min":0,"first_quartile":322,"second_quartile":1470,"third_quartile":4974,"max":111230,"median":1488.0,"mode":0,"mean":5657.094545454545,"standard_deviation":12571.22677336722,"sum":3111402,"sample_variance":158035742.58742478,"elbow":14462,"n":550},"followers_count":{"min":1,"first_quartile":250,"second_quartile":823,"third_quartile":2778,"max":2750951,"median":828.5,"mode":360,"mean":19993.056363636362,"standard_deviation":172055.47140000705,"sum":10996181,"sample_variance":29603085238.678642,"elbow":47127,"n":550},"friends_count":{"min":0,"first_quartile":134,"second_quartile":363,"third_quartile":833,"max":161764,"median":363.5,"mode":0,"mean":1435.96,"standard_deviation":7767.470989046095,"sum":789778,"sample_variance":60333605.56567273,"elbow":6375,"n":550},"id":{"min":633,"first_quartile":14835652,"second_quartile":26601529,"third_quartile":119333766,"max":1115612413,"median":26862679.0,"mode":1115612413,"mean":108067335.38727273,"standard_deviation":175652265.46160603,"sum":59437034463,"sample_variance":30853718361794508.0,"elbow":133730270,"n":550}}